hidden_neurons,learning_rate,train_loss,validation_loss
128,0.001,0.006031,0.202698
256,0.001,0.005009,0.204312
64,0.01,0.003511,0.208669
256,0.01,0.022644,0.272353
128,0.01,0.002876,0.280905
64,0.001,0.007184,0.282987
32,0.001,0.008143,0.303827
32,0.01,0.003252,0.409678
64,0.1,0.016821,0.668938
32,0.1,0.004875,0.927396
256,0.1,0.096398,1.391052
128,0.1,0.009723,2.789747
